カテゴリ,キャラクター名
VOICEPEAK（含む、音楽的同位体）,東北ずん子
VOICEPEAK（含む、音楽的同位体）,東北イタコ
VOICEPEAK（含む、音楽的同位体）,東北きりたん
VOICEPEAK（含む、音楽的同位体）,ずんだもん
VOICEPEAK（含む、音楽的同位体）,弦巻マキ
VOICEPEAK（含む、音楽的同位体）,小春六花
VOICEPEAK（含む、音楽的同位体）,夏色花梨
VOICEPEAK（含む、音楽的同位体）,花隈千冬
VOICEPEAK（含む、音楽的同位体）,水奈瀬コウ
VOICEPEAK（含む、音楽的同位体）,水奈瀬リト
VOICEPEAK（含む、音楽的同位体）,京町セイカ
VOICEPEAK（含む、音楽的同位体）,桜乃そら
VOICEPEAK（含む、音楽的同位体）,音街ウナ
VOICEPEAK（含む、音楽的同位体）,大江戸ちゃんこ
VOICEPEAK（含む、音楽的同位体）,彩澄しゅお
VOICEPEAK（含む、音楽的同位体）,彩澄りりせ
VOICEPEAK（含む、音楽的同位体）,フリモメン
VOICEPEAK（含む、音楽的同位体）,スーパーフリモたん
VOICEPEAK（含む、音楽的同位体）,ポロンちゃん
VOICEPEAK（含む、音楽的同位体）,宮舞モカ
VOICEPEAK（含む、音楽的同位体）,邪神ちゃん
VOICEPEAK（含む、音楽的同位体）,重音テト
VOICEPEAK（含む、音楽的同位体）,月読アイ
VOICEPEAK（含む、音楽的同位体）,月読ショウタ
VOICEPEAK（含む、音楽的同位体）,若穂みのり
VOICEPEAK（含む、音楽的同位体）,星海月
VOICEPEAK（含む、音楽的同位体）,星界
VOICEPEAK（含む、音楽的同位体）,裏命
VOICEPEAK（含む、音楽的同位体）,狐子
VOICEPEAK（含む、音楽的同位体）,羽累
VOICEROID（含む、A.I.VOICE / A.I.VOICE 2）,結月ゆかり
VOICEROID（含む、A.I.VOICE / A.I.VOICE 2）,琴葉茜
VOICEROID（含む、A.I.VOICE / A.I.VOICE 2）,琴葉葵
VOICEROID（含む、A.I.VOICE / A.I.VOICE 2）,紲星あかり
VOICEROID（含む、A.I.VOICE / A.I.VOICE 2）,伊織弓鶴
VOICEROID（含む、A.I.VOICE / A.I.VOICE 2）,吉田くん
VOICEROID（含む、A.I.VOICE / A.I.VOICE 2）,ギャラ子
VOICEROID（含む、A.I.VOICE / A.I.VOICE 2）,栗田まろん
VOICEROID（含む、A.I.VOICE / A.I.VOICE 2）,咲ちゃん
VOICEROID（含む、A.I.VOICE / A.I.VOICE 2）,羽ノ華
VOICEROID（含む、A.I.VOICE / A.I.VOICE 2）,紅桜ショウガ
VOICEROID（含む、A.I.VOICE / A.I.VOICE 2）,GUMI
VOICEROID（含む、A.I.VOICE / A.I.VOICE 2）,紡乃世詞音
VOICEROID（含む、A.I.VOICE / A.I.VOICE 2）,夜語トバリ
VOICEROID（含む、A.I.VOICE / A.I.VOICE 2）,ユニティちゃん
VOICEROID（含む、A.I.VOICE / A.I.VOICE 2）,式狼縁
VOICEROID（含む、A.I.VOICE / A.I.VOICE 2）,式大元
VOICEROID（含む、A.I.VOICE / A.I.VOICE 2）,タンゲコトエ
VOICEROID（含む、A.I.VOICE / A.I.VOICE 2）,RIA
VOICEROID（含む、A.I.VOICE / A.I.VOICE 2）,足立レイ
VOICEROID（含む、A.I.VOICE / A.I.VOICE 2）,来果
VOICEROID（含む、A.I.VOICE / A.I.VOICE 2）,カキョウ ヨサリ
VOICEROID（含む、A.I.VOICE / A.I.VOICE 2）,結城香
VOICEROID（含む、A.I.VOICE / A.I.VOICE 2）,日ノ出賢
VOICEROID（含む、A.I.VOICE / A.I.VOICE 2）,潮崎かずき
VOICEROID（含む、A.I.VOICE / A.I.VOICE 2）,風見壮一
CeVIO（CeVIO CS / CeVIO AI トークボイス）,さとうささら
CeVIO（CeVIO CS / CeVIO AI トークボイス）,すずきつづみ
CeVIO（CeVIO CS / CeVIO AI トークボイス）,タカハシ
CeVIO（CeVIO CS / CeVIO AI トークボイス）,フィーちゃん
CeVIO（CeVIO CS / CeVIO AI トークボイス）,ロサ（ROSA）
CeVIO（CeVIO CS / CeVIO AI トークボイス）,双葉湊音
CeVIO（CeVIO CS / CeVIO AI トークボイス）,IA_-ARIA_ON_THE_PLANETES-
CeVIO（CeVIO CS / CeVIO AI トークボイス）,ONE_-ARIA_ON_THE_PLANETES-
CeVIO（CeVIO CS / CeVIO AI トークボイス）,梵そよぎ
CeVIO（CeVIO CS / CeVIO AI トークボイス）,ユニちゃん
VOICEVOX,四国めたん
VOICEVOX,春日部つむぎ
VOICEVOX,雨晴はう
VOICEVOX,波音リツ
VOICEVOX,玄野武宏
VOICEVOX,白上虎太郎
VOICEVOX,青山龍星
VOICEVOX,冥鳴ひまり
VOICEVOX,九州そら
VOICEVOX,もち子さん
VOICEVOX,剣崎雌雄
VOICEVOX,WhiteCUL
VOICEVOX,後鬼
VOICEVOX,No.7
VOICEVOX,ちび式じい
VOICEVOX,櫻歌ミコ
VOICEVOX,小夜/SAYO
VOICEVOX,ナースロボ＿タイプＴ
VOICEVOX,†聖騎士 紅桜†
VOICEVOX,雀松朱司
VOICEVOX,麒ヶ島宗麟
VOICEVOX,春歌ナナ
VOICEVOX,猫使アル
VOICEVOX,猫使ビィ
VOICEVOX,中国うさぎ
VOICEVOX,あいえるたん
VOICEVOX,満別花丸
VOICEVOX,琴詠ニア
VOICEVOX,Voidoll
VOICEVOX,ぞん子
VOICEVOX,中部つるぎ
VOICEVOX,離途
VOICEVOX,黒沢冴白
VOICEVOX,ユーレイちゃん
VOICEVOX,あんこもん
ガイノイドTalk,鳴花ヒメ
ガイノイドTalk,鳴花ミコト
ガイノイドTalk,flower
ガイノイドTalk,心華
CoeFont,アリアル
CoeFont,ミリアル
CoeFont,アベル
CoeFont,カネル
COEIROINK,つくよみちゃん
COEIROINK,ディアちゃん
COEIROINK,アルマちゃん
COEIROINK,クロア
COEIROINK,KANA
COEIROINK,MANA
COEIROINK,ナツ
COEIROINK,シロ
COEIROINK,狛乃ハク
COEIROINK,ナコ
COEIROINK,レコ
COEIROINK,カナタ
COEIROINK,リリンちゃん
COEIROINK,アンジーさん
COEIROINK,クロワちゃん
COEIROINK,アメノちゃん
COEIROINK,朱花
COEIROINK,青葉
COEIROINK,銀芽
COEIROINK,金苗